algorithm,seed,n_inequalities,recovered_key,fraction_of_solution_recovered,n_iterations,time_seconds_solve_inequalities,approx_number_of_ciphertexts,scale
Greedy Search,100000,1000000,True,1.00,71,416.26,2274861.00,0.00
Greedy Search,100000,500000,True,1.00,71,195.53,1137430.50,0.00
Greedy Search,100000,250000,True,1.00,71,96.01,568715.25,0.00
Greedy Search,100000,125000,True,1.00,20,16.67,284357.62,0.00
Greedy Search,100000,62500,True,1.00,50,17.50,142178.81,0.00
Greedy Search,100000,31250,True,1.00,60,10.19,71089.41,0.00
Greedy Search,100000,15625,False,0.69,200,15.58,35544.70,0.00
Greedy Search,100000,23438,False,0.84,200,23.87,53318.19,0.00
Greedy Search,100000,27344,True,1.00,70,10.22,62203.80,0.00
Greedy Search,100000,25391,False,0.92,200,25.54,57761.00,0.00
Greedy Search,100000,26368,False,0.91,200,26.74,59983.53,0.00
Greedy Search,100000,26856,False,0.95,200,27.07,61093.67,0.00
Greedy Search,100000,27100,False,0.93,200,27.57,61648.73,0.00
Greedy Search,100000,27222,True,1.00,40,6.41,61926.27,0.00
Greedy Search,100000,27161,False,0.93,200,27.80,61787.50,0.00
Greedy Search,100000,27192,True,1.00,50,7.70,61858.02,0.00
Greedy Search,100000,27177,True,1.00,50,7.73,61823.90,0.00
Greedy Search,100000,27169,True,1.00,60,9.00,61805.70,0.00
Greedy Search,100000,27165,False,0.92,200,27.59,61796.60,0.00
Greedy Search,100000,27167,True,1.00,60,8.93,61801.15,0.00
Greedy Search,100000,27166,False,0.92,200,27.25,61798.87,0.00
Greedy Search,100001,1000000,True,1.00,60,355.32,2273806.00,0.00
Greedy Search,100001,500000,True,1.00,60,168.60,1136903.00,0.00
Greedy Search,100001,250000,True,1.00,71,95.94,568451.50,0.00
Greedy Search,100001,125000,True,1.00,70,46.59,284225.75,0.00
Greedy Search,100001,62500,True,1.00,60,20.31,142112.88,0.00
Greedy Search,100001,31250,True,1.00,70,11.63,71056.44,0.00
Greedy Search,100001,15625,False,0.68,200,15.51,35528.22,0.00
Greedy Search,100001,23438,False,0.86,200,23.71,53293.47,0.00
Greedy Search,100001,27344,True,1.00,71,10.28,62174.95,0.00
Greedy Search,100001,25391,False,0.89,200,25.42,57734.21,0.00
Greedy Search,100001,26368,False,0.93,200,26.43,59955.72,0.00
Greedy Search,100001,26856,False,0.90,200,26.99,61065.33,0.00
Greedy Search,100001,27100,False,0.96,200,26.91,61620.14,0.00
Greedy Search,100001,27222,True,1.00,71,10.24,61897.55,0.00
Greedy Search,100001,27161,False,0.94,200,27.17,61758.84,0.00
Greedy Search,100001,27192,True,1.00,60,8.89,61829.33,0.00
Greedy Search,100001,27177,True,1.00,50,7.67,61795.23,0.00
Greedy Search,100001,27169,True,1.00,88,12.53,61777.04,0.00
Greedy Search,100001,27165,True,1.00,88,12.52,61767.94,0.00
Greedy Search,100001,27163,True,1.00,88,12.52,61763.39,0.00
Greedy Search,100001,27162,False,0.94,200,27.22,61761.12,0.00
Greedy Search,100002,1000000,True,1.00,71,401.93,2271223.00,0.00
Greedy Search,100002,500000,True,1.00,71,191.81,1135611.50,0.00
Greedy Search,100002,250000,True,1.00,71,94.64,567805.75,0.00
Greedy Search,100002,125000,True,1.00,60,40.44,283902.88,0.00
Greedy Search,100002,62500,True,1.00,70,22.74,141951.44,0.00
Greedy Search,100002,31250,True,1.00,71,11.59,70975.72,0.00
Greedy Search,100002,15625,False,0.67,200,15.34,35487.86,0.00
Greedy Search,100002,23438,False,0.89,200,23.29,53232.92,0.00
Greedy Search,100002,27344,True,1.00,70,10.03,62104.32,0.00
Greedy Search,100002,25391,True,1.00,71,9.47,57668.62,0.00
Greedy Search,100002,24415,False,0.90,200,24.21,55451.91,0.00
Greedy Search,100002,24903,False,0.93,200,24.46,56560.27,0.00
Greedy Search,100002,25147,False,0.91,200,24.89,57114.44,0.00
Greedy Search,100002,25269,True,1.00,71,9.39,57391.53,0.00
Greedy Search,100002,25208,False,0.95,200,24.73,57252.99,0.00
Greedy Search,100002,25239,False,0.92,200,24.98,57323.40,0.00
Greedy Search,100002,25254,False,0.92,200,24.97,57357.47,0.00
Greedy Search,100002,25262,False,0.92,200,25.00,57375.64,0.00
Greedy Search,100002,25266,True,1.00,71,9.41,57384.72,0.00
Greedy Search,100002,25264,False,0.92,200,24.96,57380.18,0.00
Greedy Search,100002,25265,True,1.00,71,9.41,57382.45,0.00
Greedy Search,100003,1000000,True,1.00,60,347.83,2269645.00,0.00
Greedy Search,100003,500000,True,1.00,60,166.02,1134822.50,0.00
Greedy Search,100003,250000,True,1.00,50,70.32,567411.25,0.00
Greedy Search,100003,125000,True,1.00,70,46.81,283705.62,0.00
Greedy Search,100003,62500,True,1.00,71,23.68,141852.81,0.00
Greedy Search,100003,31250,True,1.00,71,11.96,70926.41,0.00
Greedy Search,100003,15625,False,0.65,200,15.90,35463.20,0.00
Greedy Search,100003,23438,False,0.84,200,24.28,53195.94,0.00
Greedy Search,100003,27344,True,1.00,50,7.79,62061.17,0.00
Greedy Search,100003,25391,False,0.91,200,25.85,57628.56,0.00
Greedy Search,100003,26368,False,0.94,200,26.89,59846.00,0.00
Greedy Search,100003,26856,False,0.90,200,27.54,60953.59,0.00
Greedy Search,100003,27100,True,1.00,71,10.41,61507.38,0.00
Greedy Search,100003,26978,False,0.95,200,27.37,61230.48,0.00
Greedy Search,100003,27039,True,1.00,50,7.68,61368.93,0.00
Greedy Search,100003,27009,False,0.91,200,27.63,61300.84,0.00
Greedy Search,100003,27024,True,1.00,70,10.26,61334.89,0.00
Greedy Search,100003,27017,True,1.00,70,10.25,61319.00,0.00
Greedy Search,100003,27013,True,1.00,70,10.25,61309.92,0.00
Greedy Search,100003,27011,True,1.00,70,10.24,61305.38,0.00
Greedy Search,100003,27010,False,0.91,200,27.63,61303.11,0.00
Greedy Search,100004,1000000,True,1.00,71,384.54,2274064.00,0.00
Greedy Search,100004,500000,True,1.00,71,183.50,1137032.00,0.00
Greedy Search,100004,250000,True,1.00,70,90.00,568516.00,0.00
Greedy Search,100004,125000,True,1.00,50,33.82,284258.00,0.00
Greedy Search,100004,62500,True,1.00,71,22.84,142129.00,0.00
Greedy Search,100004,31250,True,1.00,60,9.92,71064.50,0.00
Greedy Search,100004,15625,False,0.68,200,15.09,35532.25,0.00
Greedy Search,100004,23438,False,0.87,200,22.99,53299.51,0.00
Greedy Search,100004,27344,True,1.00,71,10.07,62182.01,0.00
Greedy Search,100004,25391,False,0.88,200,24.93,57740.76,0.00
Greedy Search,100004,26368,False,0.91,200,25.82,59962.52,0.00
Greedy Search,100004,26856,True,1.00,50,7.33,61072.26,0.00
Greedy Search,100004,26612,True,1.00,71,9.82,60517.39,0.00
Greedy Search,100004,26490,False,0.95,200,25.87,60239.96,0.00
Greedy Search,100004,26551,False,0.91,200,25.94,60378.67,0.00
Greedy Search,100004,26582,True,1.00,71,9.83,60449.17,0.00
Greedy Search,100004,26567,False,0.95,200,25.86,60415.06,0.00
Greedy Search,100004,26575,False,0.94,200,25.87,60433.25,0.00
Greedy Search,100004,26579,True,1.00,67,9.36,60442.35,0.00
Greedy Search,100004,26577,True,1.00,67,9.37,60437.80,0.00
Greedy Search,100004,26576,True,1.00,67,9.37,60435.52,0.00
Greedy Search,100100,1000000,True,1.00,71,392.53,2271687.00,0.10
Greedy Search,100100,500000,True,1.00,71,186.84,1135843.50,0.10
Greedy Search,100100,250000,True,1.00,70,91.05,567921.75,0.10
Greedy Search,100100,125000,True,1.00,60,39.54,283960.88,0.10
Greedy Search,100100,62500,True,1.00,60,19.77,141980.44,0.10
Greedy Search,100100,31250,True,1.00,60,9.89,70990.22,0.10
Greedy Search,100100,15625,False,0.67,200,15.21,35495.11,0.10
Greedy Search,100100,23438,False,0.85,200,23.16,53243.80,0.10
Greedy Search,100100,27344,False,0.91,200,26.75,62117.01,0.10
Greedy Search,100100,29297,True,1.00,71,10.79,66553.61,0.10
Greedy Search,100100,28321,True,1.00,50,7.70,64336.45,0.10
Greedy Search,100100,27833,True,1.00,70,10.10,63227.86,0.10
Greedy Search,100100,27589,False,0.93,200,27.05,62673.57,0.10
Greedy Search,100100,27711,False,0.97,200,26.78,62950.72,0.10
Greedy Search,100100,27772,False,0.94,200,27.04,63089.29,0.10
Greedy Search,100100,27803,False,0.93,200,27.18,63159.71,0.10
Greedy Search,100100,27818,True,1.00,70,10.12,63193.79,0.10
Greedy Search,100100,27811,True,1.00,50,7.63,63177.89,0.10
Greedy Search,100100,27807,False,0.93,200,27.17,63168.80,0.10
Greedy Search,100100,27809,True,1.00,50,7.62,63173.34,0.10
Greedy Search,100100,27808,False,0.92,200,27.29,63171.07,0.10
Greedy Search,100101,1000000,True,1.00,70,384.84,2274454.00,0.10
Greedy Search,100101,500000,True,1.00,70,184.44,1137227.00,0.10
Greedy Search,100101,250000,True,1.00,50,68.29,568613.50,0.10
Greedy Search,100101,125000,True,1.00,60,39.78,284306.75,0.10
Greedy Search,100101,62500,True,1.00,71,22.86,142153.38,0.10
Greedy Search,100101,31250,True,1.00,71,11.47,71076.69,0.10
Greedy Search,100101,15625,False,0.66,200,15.23,35538.34,0.10
Greedy Search,100101,23438,False,0.88,200,22.95,53308.65,0.10
Greedy Search,100101,27344,True,1.00,70,9.88,62192.67,0.10
Greedy Search,100101,25391,True,1.00,71,9.31,57750.66,0.10
Greedy Search,100101,24415,False,0.93,200,23.87,55530.79,0.10
Greedy Search,100101,24903,True,1.00,71,9.18,56640.73,0.10
Greedy Search,100101,24659,True,1.00,70,8.96,56085.76,0.10
Greedy Search,100101,24537,True,1.00,70,8.94,55808.28,0.10
Greedy Search,100101,24476,True,1.00,50,6.67,55669.54,0.10
Greedy Search,100101,24446,False,0.95,200,23.73,55601.30,0.10
Greedy Search,100101,24461,True,1.00,70,8.92,55635.42,0.10
Greedy Search,100101,24454,False,0.95,200,23.75,55619.50,0.10
Greedy Search,100101,24458,True,1.00,70,8.93,55628.60,0.10
Greedy Search,100101,24456,True,1.00,70,8.92,55624.05,0.10
Greedy Search,100101,24455,True,1.00,70,8.91,55621.77,0.10
Greedy Search,100102,1000000,True,1.00,71,395.98,2275201.00,0.10
Greedy Search,100102,500000,True,1.00,71,190.50,1137600.50,0.10
Greedy Search,100102,250000,True,1.00,60,81.68,568800.25,0.10
Greedy Search,100102,125000,True,1.00,41,29.33,284400.12,0.10
Greedy Search,100102,62500,True,1.00,71,23.14,142200.06,0.10
Greedy Search,100102,31250,True,1.00,70,11.41,71100.03,0.10
Greedy Search,100102,15625,False,0.65,200,15.19,35550.02,0.10
Greedy Search,100102,23438,False,0.88,200,23.34,53326.16,0.10
Greedy Search,100102,27344,True,1.00,71,10.16,62213.10,0.10
Greedy Search,100102,25391,False,0.93,200,24.99,57769.63,0.10
Greedy Search,100102,26368,True,1.00,50,7.25,59992.50,0.10
Greedy Search,100102,25880,False,0.94,200,25.54,58882.20,0.10
Greedy Search,100102,26124,True,1.00,50,7.18,59437.35,0.10
Greedy Search,100102,26002,True,1.00,70,9.49,59159.78,0.10
Greedy Search,100102,25941,True,1.00,71,9.64,59020.99,0.10
Greedy Search,100102,25911,True,1.00,71,9.68,58952.73,0.10
Greedy Search,100102,25896,True,1.00,71,9.67,58918.61,0.10
Greedy Search,100102,25888,True,1.00,71,9.68,58900.40,0.10
Greedy Search,100102,25884,True,1.00,70,9.52,58891.30,0.10
Greedy Search,100102,25882,False,0.94,200,25.59,58886.75,0.10
Greedy Search,100102,25883,True,1.00,70,9.51,58889.03,0.10
Greedy Search,100103,1000000,True,1.00,50,288.13,2277116.00,0.10
Greedy Search,100103,500000,True,1.00,50,140.50,1138558.00,0.10
Greedy Search,100103,250000,True,1.00,71,93.45,569279.00,0.10
Greedy Search,100103,125000,True,1.00,71,46.04,284639.50,0.10
Greedy Search,100103,62500,True,1.00,30,11.14,142319.75,0.10
Greedy Search,100103,31250,True,1.00,71,11.58,71159.88,0.10
Greedy Search,100103,15625,False,0.68,200,15.38,35579.94,0.10
Greedy Search,100103,23438,False,0.86,200,23.21,53371.04,0.10
Greedy Search,100103,27344,True,1.00,70,10.01,62265.46,0.10
Greedy Search,100103,25391,False,0.91,200,25.14,57818.25,0.10
Greedy Search,100103,26368,False,0.91,200,26.01,60042.99,0.10
Greedy Search,100103,26856,True,1.00,60,8.62,61154.23,0.10
Greedy Search,100103,26612,False,0.91,200,26.39,60598.61,0.10
Greedy Search,100103,26734,True,1.00,71,9.97,60876.42,0.10
Greedy Search,100103,26673,True,1.00,70,9.83,60737.52,0.10
Greedy Search,100103,26643,True,1.00,60,8.66,60669.20,0.10
Greedy Search,100103,26628,True,1.00,71,10.04,60635.04,0.10
Greedy Search,100103,26620,True,1.00,60,8.61,60616.83,0.10
Greedy Search,100103,26616,True,1.00,60,8.53,60607.72,0.10
Greedy Search,100103,26614,True,1.00,60,8.55,60603.17,0.10
Greedy Search,100103,26613,True,1.00,60,8.65,60600.89,0.10
Greedy Search,100104,1000000,True,1.00,71,385.50,2270436.00,0.10
Greedy Search,100104,500000,True,1.00,71,184.75,1135218.00,0.10
Greedy Search,100104,250000,True,1.00,41,57.64,567609.00,0.10
Greedy Search,100104,125000,True,1.00,71,45.92,283804.50,0.10
Greedy Search,100104,62500,True,1.00,41,14.41,141902.25,0.10
Greedy Search,100104,31250,True,1.00,70,11.40,70951.12,0.10
Greedy Search,100104,15625,False,0.67,200,15.31,35475.56,0.10
Greedy Search,100104,23438,False,0.82,200,23.46,53214.48,0.10
Greedy Search,100104,27344,False,0.93,200,26.95,62082.80,0.10
Greedy Search,100104,29297,True,1.00,71,10.82,66516.96,0.10
Greedy Search,100104,28321,True,1.00,50,7.76,64301.02,0.10
Greedy Search,100104,27833,True,1.00,70,10.21,63193.05,0.10
Greedy Search,100104,27589,False,0.95,200,27.07,62639.06,0.10
Greedy Search,100104,27711,False,0.94,200,27.11,62916.05,0.10
Greedy Search,100104,27772,True,1.00,70,10.18,63054.55,0.10
Greedy Search,100104,27742,True,1.00,74,10.74,62986.44,0.10
Greedy Search,100104,27727,False,0.92,200,27.33,62952.38,0.10
Greedy Search,100104,27735,True,1.00,74,10.73,62970.54,0.10
Greedy Search,100104,27731,False,0.92,200,27.28,62961.46,0.10
Greedy Search,100104,27733,True,1.00,74,10.73,62966.00,0.10
Greedy Search,100104,27732,False,0.92,200,27.29,62963.73,0.10
Greedy Search,100200,1000000,True,1.00,70,401.99,2223853.00,0.20
Greedy Search,100200,500000,True,1.00,70,195.75,1111926.50,0.20
Greedy Search,100200,250000,True,1.00,71,97.28,555963.25,0.20
Greedy Search,100200,125000,True,1.00,70,47.26,277981.62,0.20
Greedy Search,100200,62500,True,1.00,60,20.63,138990.81,0.20
Greedy Search,100200,31250,False,0.89,200,32.38,69495.41,0.20
Greedy Search,100200,46875,True,1.00,71,17.80,104243.11,0.20
Greedy Search,100200,39063,True,1.00,71,14.90,86870.37,0.20
Greedy Search,100200,35157,True,1.00,71,13.42,78184.00,0.20
Greedy Search,100200,33204,False,0.96,200,33.58,73840.82,0.20
Greedy Search,100200,34181,True,1.00,70,12.90,76013.52,0.20
Greedy Search,100200,33693,True,1.00,70,12.72,74928.28,0.20
Greedy Search,100200,33449,True,1.00,71,12.80,74385.66,0.20
Greedy Search,100200,33327,False,0.96,200,33.92,74114.35,0.20
Greedy Search,100200,33388,True,1.00,71,12.91,74250.00,0.20
Greedy Search,100200,33358,True,1.00,60,11.07,74183.29,0.20
Greedy Search,100200,33343,True,1.00,71,12.89,74149.93,0.20
Greedy Search,100200,33335,True,1.00,51,9.63,74132.14,0.20
Greedy Search,100200,33331,True,1.00,70,12.69,74123.24,0.20
Greedy Search,100200,33329,True,1.00,71,12.81,74118.80,0.20
Greedy Search,100200,33328,False,0.96,200,33.78,74116.57,0.20
Greedy Search,100201,1000000,True,1.00,70,413.16,2230492.00,0.20
Greedy Search,100201,500000,True,1.00,50,147.99,1115246.00,0.20
Greedy Search,100201,250000,True,1.00,50,72.96,557623.00,0.20
Greedy Search,100201,125000,True,1.00,70,48.09,278811.50,0.20
Greedy Search,100201,62500,True,1.00,50,17.93,139405.75,0.20
Greedy Search,100201,31250,True,1.00,71,12.09,69702.88,0.20
Greedy Search,100201,15625,False,0.62,200,16.09,34851.44,0.20
Greedy Search,100201,23438,False,0.80,200,24.71,52278.27,0.20
Greedy Search,100201,27344,False,0.87,200,28.24,60990.57,0.20
Greedy Search,100201,29297,False,0.91,200,30.16,65346.72,0.20
Greedy Search,100201,30274,False,0.94,200,31.01,67525.91,0.20
Greedy Search,100201,30762,True,1.00,70,11.63,68614.39,0.20
Greedy Search,100201,30518,False,0.95,200,30.94,68070.15,0.20
Greedy Search,100201,30640,True,1.00,71,11.75,68342.27,0.20
Greedy Search,100201,30579,False,0.93,200,31.30,68206.21,0.20
Greedy Search,100201,30610,True,1.00,71,11.77,68275.36,0.20
Greedy Search,100201,30595,False,0.95,200,31.32,68241.90,0.20
Greedy Search,100201,30603,False,0.93,200,31.47,68259.75,0.20
Greedy Search,100201,30607,True,1.00,71,11.78,68268.67,0.20
Greedy Search,100201,30605,True,1.00,71,11.76,68264.21,0.20
Greedy Search,100201,30604,False,0.93,200,31.28,68261.98,0.20
Greedy Search,100202,1000000,True,1.00,70,398.98,2221668.00,0.20
Greedy Search,100202,500000,True,1.00,20,67.35,1110834.00,0.20
Greedy Search,100202,250000,True,1.00,71,97.26,555417.00,0.20
Greedy Search,100202,125000,True,1.00,70,48.02,277708.50,0.20
Greedy Search,100202,62500,True,1.00,71,24.32,138854.25,0.20
Greedy Search,100202,31250,False,0.93,200,33.00,69427.12,0.20
Greedy Search,100202,46875,True,1.00,70,18.17,104140.69,0.20
Greedy Search,100202,39063,True,1.00,70,15.16,86785.02,0.20
Greedy Search,100202,35157,True,1.00,61,11.94,78107.18,0.20
Greedy Search,100202,33204,False,0.95,200,34.43,73768.26,0.20
Greedy Search,100202,34181,True,1.00,60,11.52,75938.83,0.20
Greedy Search,100202,33693,False,0.95,200,34.50,74854.66,0.20
Greedy Search,100202,33937,True,1.00,71,13.01,75396.75,0.20
Greedy Search,100202,33815,True,1.00,71,12.94,75125.70,0.20
Greedy Search,100202,33754,True,1.00,70,12.71,74990.18,0.20
Greedy Search,100202,33724,True,1.00,70,12.73,74923.53,0.20
Greedy Search,100202,33709,False,0.96,200,34.20,74890.21,0.20
Greedy Search,100202,33717,True,1.00,71,12.80,74907.98,0.20
Greedy Search,100202,33713,True,1.00,70,12.65,74899.09,0.20
Greedy Search,100202,33711,False,0.96,200,34.21,74894.65,0.20
Greedy Search,100202,33712,True,1.00,70,12.70,74896.87,0.20
Greedy Search,100203,1000000,True,1.00,71,406.52,2223021.00,0.20
Greedy Search,100203,500000,True,1.00,71,195.33,1111510.50,0.20
Greedy Search,100203,250000,True,1.00,70,95.91,555755.25,0.20
Greedy Search,100203,125000,True,1.00,60,41.71,277877.62,0.20
Greedy Search,100203,62500,True,1.00,71,23.99,138938.81,0.20
Greedy Search,100203,31250,False,0.94,200,32.24,69469.41,0.20
Greedy Search,100203,46875,True,1.00,71,18.11,104204.11,0.20
Greedy Search,100203,39063,True,1.00,71,15.08,86837.87,0.20
Greedy Search,100203,35157,True,1.00,70,13.41,78154.75,0.20
Greedy Search,100203,33204,True,1.00,70,12.70,73813.19,0.20
Greedy Search,100203,32227,True,1.00,70,12.31,71641.30,0.20
Greedy Search,100203,31739,True,1.00,71,12.30,70556.46,0.20
Greedy Search,100203,31495,True,1.00,70,12.11,70014.05,0.20
Greedy Search,100203,31373,True,1.00,71,12.18,69742.84,0.20
Greedy Search,100203,31312,False,0.95,200,32.17,69607.23,0.20
Greedy Search,100203,31343,True,1.00,71,12.15,69676.15,0.20
Greedy Search,100203,31328,False,0.93,200,32.50,69642.80,0.20
Greedy Search,100203,31336,True,1.00,71,12.24,69660.59,0.20
Greedy Search,100203,31332,False,0.93,200,32.49,69651.69,0.20
Greedy Search,100203,31334,False,0.93,200,32.52,69656.14,0.20
Greedy Search,100203,31335,False,0.93,200,32.52,69658.36,0.20
Greedy Search,100204,1000000,True,1.00,60,337.94,2223577.00,0.20
Greedy Search,100204,500000,True,1.00,60,163.15,1111788.50,0.20
Greedy Search,100204,250000,True,1.00,71,94.02,555894.25,0.20
Greedy Search,100204,125000,True,1.00,70,46.39,277947.12,0.20
Greedy Search,100204,62500,True,1.00,50,17.35,138973.56,0.20
Greedy Search,100204,31250,False,0.95,200,31.38,69486.78,0.20
Greedy Search,100204,46875,True,1.00,71,17.62,104230.17,0.20
Greedy Search,100204,39063,True,1.00,70,14.50,86859.59,0.20
Greedy Search,100204,35157,True,1.00,70,13.08,78174.30,0.20
Greedy Search,100204,33204,True,1.00,70,12.39,73831.65,0.20
Greedy Search,100204,32227,False,0.93,200,32.58,71659.22,0.20
Greedy Search,100204,32716,False,0.94,200,32.89,72746.55,0.20
Greedy Search,100204,32960,False,0.95,200,32.91,73289.10,0.20
Greedy Search,100204,33082,True,1.00,70,12.39,73560.37,0.20
Greedy Search,100204,33021,False,0.96,200,32.83,73424.74,0.20
Greedy Search,100204,33052,True,1.00,70,12.38,73493.67,0.20
Greedy Search,100204,33037,False,0.95,200,33.17,73460.31,0.20
Greedy Search,100204,33045,False,0.95,200,33.20,73478.10,0.20
Greedy Search,100204,33049,True,1.00,71,12.47,73487.00,0.20
Greedy Search,100204,33047,True,1.00,71,12.47,73482.55,0.20
Greedy Search,100204,33046,False,0.95,200,33.19,73480.33,0.20
Greedy Search,100300,1000000,True,1.00,71,454.41,1946022.00,0.30
Greedy Search,100300,500000,True,1.00,50,166.42,973011.00,0.30
Greedy Search,100300,250000,True,1.00,70,111.08,486505.50,0.30
Greedy Search,100300,125000,True,1.00,50,41.36,243252.75,0.30
Greedy Search,100300,62500,False,0.96,200,75.59,121626.38,0.30
Greedy Search,100300,93750,True,1.00,70,41.16,182439.56,0.30
Greedy Search,100300,78125,True,1.00,70,34.01,152032.97,0.30
Greedy Search,100300,70313,True,1.00,71,31.07,136830.64,0.30
Greedy Search,100300,66407,True,1.00,70,28.83,129229.48,0.30
Greedy Search,100300,64454,True,1.00,71,28.27,125428.90,0.30
Greedy Search,100300,63477,False,0.96,200,73.66,123527.64,0.30
Greedy Search,100300,63966,False,0.95,200,73.52,124479.24,0.30
Greedy Search,100300,64210,False,0.96,200,73.49,124954.07,0.30
Greedy Search,100300,64332,True,1.00,71,27.82,125191.49,0.30
Greedy Search,100300,64271,False,0.96,200,74.12,125072.78,0.30
Greedy Search,100300,64302,True,1.00,60,24.04,125133.11,0.30
Greedy Search,100300,64287,False,0.96,200,73.03,125103.92,0.30
Greedy Search,100300,64295,True,1.00,60,23.70,125119.48,0.30
Greedy Search,100300,64291,True,1.00,71,27.38,125111.70,0.30
Greedy Search,100300,64289,False,0.96,200,73.08,125107.81,0.30
Greedy Search,100300,64290,False,0.96,200,73.46,125109.75,0.30
Greedy Search,100301,1000000,True,1.00,70,448.12,1945056.00,0.30
Greedy Search,100301,500000,True,1.00,70,222.40,972528.00,0.30
Greedy Search,100301,250000,True,1.00,71,111.44,486264.00,0.30
Greedy Search,100301,125000,True,1.00,71,55.31,243132.00,0.30
Greedy Search,100301,62500,False,0.94,200,75.68,121566.00,0.30
Greedy Search,100301,93750,True,1.00,70,40.79,182349.00,0.30
Greedy Search,100301,78125,True,1.00,60,29.64,151957.50,0.30
Greedy Search,100301,70313,False,0.96,200,81.48,136762.72,0.30
Greedy Search,100301,74219,True,1.00,71,32.03,144360.11,0.30
Greedy Search,100301,72266,True,1.00,60,26.87,140561.42,0.30
Greedy Search,100301,71290,True,1.00,71,30.83,138663.04,0.30
Greedy Search,100301,70802,True,1.00,70,30.22,137713.85,0.30
Greedy Search,100301,70558,False,0.96,200,80.80,137239.26,0.30
Greedy Search,100301,70680,True,1.00,60,26.56,137476.56,0.30
Greedy Search,100301,70619,False,0.96,200,80.76,137357.91,0.30
Greedy Search,100301,70650,True,1.00,71,30.20,137418.21,0.30
Greedy Search,100301,70635,False,0.96,200,79.58,137389.03,0.30
Greedy Search,100301,70643,True,1.00,71,30.16,137404.59,0.30
Greedy Search,100301,70639,False,0.96,200,80.11,137396.81,0.30
Greedy Search,100301,70641,False,0.96,200,80.13,137400.70,0.30
Greedy Search,100301,70642,True,1.00,60,26.10,137402.65,0.30
Greedy Search,100302,1000000,True,1.00,20,148.42,1949352.00,0.30
Greedy Search,100302,500000,True,1.00,20,71.98,974676.00,0.30
Greedy Search,100302,250000,True,1.00,60,91.53,487338.00,0.30
Greedy Search,100302,125000,True,1.00,70,53.08,243669.00,0.30
Greedy Search,100302,62500,True,1.00,71,27.13,121834.50,0.30
Greedy Search,100302,31250,False,0.72,200,37.71,60917.25,0.30
Greedy Search,100302,46875,False,0.86,200,56.08,91375.88,0.30
Greedy Search,100302,54688,False,0.92,200,64.90,106606.16,0.30
Greedy Search,100302,58594,False,0.92,200,69.78,114220.33,0.30
Greedy Search,100302,60547,False,0.96,200,70.19,118027.42,0.30
Greedy Search,100302,61524,True,1.00,60,23.19,119931.93,0.30
Greedy Search,100302,61036,False,0.96,200,71.33,118980.65,0.30
Greedy Search,100302,61280,True,1.00,71,26.90,119456.29,0.30
Greedy Search,100302,61158,False,0.97,200,70.42,119218.47,0.30
Greedy Search,100302,61219,False,0.96,200,70.24,119337.38,0.30
Greedy Search,100302,61250,False,0.97,200,69.46,119397.81,0.30
Greedy Search,100302,61265,False,0.96,200,69.37,119427.05,0.30
Greedy Search,100302,61273,True,1.00,71,26.34,119442.65,0.30
Greedy Search,100302,61269,False,0.96,200,68.61,119434.85,0.30
Greedy Search,100302,61271,True,1.00,60,22.62,119438.75,0.30
Greedy Search,100302,61270,False,0.96,200,68.83,119436.80,0.30
Greedy Search,100303,1000000,True,1.00,41,282.84,1945428.00,0.30
Greedy Search,100303,500000,True,1.00,30,106.01,972714.00,0.30
Greedy Search,100303,250000,True,1.00,70,108.43,486357.00,0.30
Greedy Search,100303,125000,True,1.00,70,53.58,243178.50,0.30
Greedy Search,100303,62500,False,0.95,200,73.15,121589.25,0.30
Greedy Search,100303,93750,True,1.00,70,40.10,182383.88,0.30
Greedy Search,100303,78125,True,1.00,61,29.74,151986.56,0.30
Greedy Search,100303,70313,True,1.00,71,30.74,136788.88,0.30
Greedy Search,100303,66407,True,1.00,70,28.92,129190.04,0.30
Greedy Search,100303,64454,False,0.96,200,74.46,125390.62,0.30
Greedy Search,100303,65431,True,1.00,67,27.36,127291.30,0.30
Greedy Search,100303,64943,False,0.96,200,74.99,126341.93,0.30
Greedy Search,100303,65187,False,0.96,200,75.10,126816.62,0.30
Greedy Search,100303,65309,False,0.96,200,74.93,127053.96,0.30
Greedy Search,100303,65370,False,0.96,200,74.90,127172.63,0.30
Greedy Search,100303,65401,True,1.00,70,28.11,127232.94,0.30
Greedy Search,100303,65386,False,0.96,200,74.90,127203.76,0.30
Greedy Search,100303,65394,True,1.00,70,28.18,127219.32,0.30
Greedy Search,100303,65390,False,0.96,200,74.97,127211.54,0.30
Greedy Search,100303,65392,True,1.00,70,28.16,127215.43,0.30
Greedy Search,100303,65391,True,1.00,70,28.07,127213.48,0.30
Greedy Search,100304,1000000,True,1.00,71,440.90,1944562.00,0.30
Greedy Search,100304,500000,True,1.00,71,213.45,972281.00,0.30
Greedy Search,100304,250000,True,1.00,71,105.75,486140.50,0.30
Greedy Search,100304,125000,True,1.00,40,31.99,243070.25,0.30
Greedy Search,100304,62500,False,0.96,200,70.25,121535.12,0.30
Greedy Search,100304,93750,True,1.00,71,39.42,182302.69,0.30
Greedy Search,100304,78125,True,1.00,71,32.85,151918.91,0.30
Greedy Search,100304,70313,False,0.96,200,78.83,136727.99,0.30
Greedy Search,100304,74219,True,1.00,71,31.29,144323.45,0.30
Greedy Search,100304,72266,True,1.00,70,30.11,140525.72,0.30
Greedy Search,100304,71290,True,1.00,71,30.09,138627.82,0.30
Greedy Search,100304,70802,True,1.00,71,29.98,137678.88,0.30
Greedy Search,100304,70558,False,0.96,200,78.19,137204.41,0.30
Greedy Search,100304,70680,True,1.00,71,29.88,137441.64,0.30
Greedy Search,100304,70619,False,0.96,200,78.82,137323.02,0.30
Greedy Search,100304,70650,True,1.00,71,29.86,137383.31,0.30
Greedy Search,100304,70635,True,1.00,60,25.72,137354.14,0.30
Greedy Search,100304,70627,True,1.00,74,31.06,137338.58,0.30
Greedy Search,100304,70623,True,1.00,71,29.78,137330.80,0.30
Greedy Search,100304,70621,True,1.00,71,29.72,137326.91,0.30
Greedy Search,100304,70620,False,0.96,200,78.82,137324.97,0.30
Greedy Search,100400,1000000,True,1.00,50,359.19,1650231.00,0.40
Greedy Search,100400,500000,True,1.00,70,235.60,825115.50,0.40
Greedy Search,100400,250000,True,1.00,70,118.18,412557.75,0.40
Greedy Search,100400,125000,True,1.00,71,60.52,206278.88,0.40
Greedy Search,100400,62500,False,0.84,200,85.03,103139.44,0.40
Greedy Search,100400,93750,False,0.93,200,124.23,154709.16,0.40
Greedy Search,100400,109375,True,1.00,50,39.13,180494.02,0.40
Greedy Search,100400,101563,False,0.96,200,130.61,167602.41,0.40
Greedy Search,100400,105469,False,0.96,200,131.03,174048.21,0.40
Greedy Search,100400,107422,True,1.00,71,50.02,177271.11,0.40
Greedy Search,100400,106446,True,1.00,70,48.80,175660.49,0.40
Greedy Search,100400,105958,False,0.96,200,130.90,174855.18,0.40
Greedy Search,100400,106202,True,1.00,70,48.78,175257.83,0.40
Greedy Search,100400,106080,True,1.00,71,49.41,175056.50,0.40
Greedy Search,100400,106019,True,1.00,71,49.33,174955.84,0.40
Greedy Search,100400,105989,False,0.96,200,130.81,174906.33,0.40
Greedy Search,100400,106004,False,0.97,200,131.02,174931.09,0.40
Greedy Search,100400,106012,False,0.96,200,130.94,174944.29,0.40
Greedy Search,100400,106016,False,0.96,200,130.89,174950.89,0.40
Greedy Search,100400,106018,True,1.00,71,49.33,174954.19,0.40
Greedy Search,100400,106017,True,1.00,71,49.34,174952.54,0.40
Greedy Search,100401,1000000,True,1.00,60,419.11,1653880.00,0.40
Greedy Search,100401,500000,True,1.00,40,145.75,826940.00,0.40
Greedy Search,100401,250000,True,1.00,71,121.60,413470.00,0.40
Greedy Search,100401,125000,True,1.00,71,62.23,206735.00,0.40
Greedy Search,100401,62500,False,0.83,200,88.15,103367.50,0.40
Greedy Search,100401,93750,False,0.91,200,129.10,155051.25,0.40
Greedy Search,100401,109375,False,0.96,200,144.84,180893.12,0.40
Greedy Search,100401,117188,True,1.00,72,58.75,193814.89,0.40
Greedy Search,100401,113282,False,0.96,200,147.32,187354.83,0.40
Greedy Search,100401,115235,False,0.96,200,146.44,190584.86,0.40
Greedy Search,100401,116212,True,1.00,72,56.23,192200.70,0.40
Greedy Search,100401,115724,False,0.96,200,147.19,191393.61,0.40
Greedy Search,100401,115968,False,0.97,200,145.30,191797.16,0.40
Greedy Search,100401,116090,False,0.97,200,145.88,191998.93,0.40
Greedy Search,100401,116151,True,1.00,70,54.35,192099.82,0.40
Greedy Search,100401,116121,False,0.96,200,145.26,192050.20,0.40
Greedy Search,100401,116136,False,0.96,200,144.54,192075.01,0.40
Greedy Search,100401,116144,False,0.96,200,144.29,192088.24,0.40
Greedy Search,100401,116148,False,0.97,200,145.94,192094.85,0.40
Greedy Search,100401,116150,True,1.00,70,54.41,192098.16,0.40
Greedy Search,100401,116149,True,1.00,70,54.46,192096.51,0.40
Greedy Search,100402,1000000,True,1.00,71,492.55,1649531.00,0.40
Greedy Search,100402,500000,True,1.00,71,242.56,824765.50,0.40
Greedy Search,100402,250000,True,1.00,70,119.32,412382.75,0.40
Greedy Search,100402,125000,True,1.00,71,60.64,206191.38,0.40
Greedy Search,100402,62500,False,0.85,200,85.36,103095.69,0.40
Greedy Search,100402,93750,False,0.93,200,125.02,154643.53,0.40
Greedy Search,100402,109375,False,0.96,200,141.67,180417.45,0.40
Greedy Search,100402,117188,True,1.00,60,49.97,193305.24,0.40
Greedy Search,100402,113282,True,1.00,71,55.20,186862.17,0.40
Greedy Search,100402,111329,True,1.00,71,53.94,183640.64,0.40
Greedy Search,100402,110352,False,0.96,200,141.00,182029.04,0.40
Greedy Search,100402,110841,False,0.96,200,141.52,182835.67,0.40
Greedy Search,100402,111085,False,0.96,200,141.71,183238.15,0.40
Greedy Search,100402,111207,False,0.96,200,141.49,183439.39,0.40
Greedy Search,100402,111268,False,0.97,200,141.98,183540.02,0.40
Greedy Search,100402,111299,False,0.96,200,141.31,183591.15,0.40
Greedy Search,100402,111314,True,1.00,72,54.07,183615.89,0.40
Greedy Search,100402,111307,True,1.00,72,54.14,183604.35,0.40
Greedy Search,100402,111303,True,1.00,72,54.27,183597.75,0.40
Greedy Search,100402,111301,False,0.96,200,141.03,183594.45,0.40
Greedy Search,100402,111302,False,0.96,200,141.41,183596.10,0.40
Greedy Search,100403,1000000,True,1.00,71,498.53,1646962.00,0.40
Greedy Search,100403,500000,True,1.00,60,211.51,823481.00,0.40
Greedy Search,100403,250000,True,1.00,70,121.00,411740.50,0.40
Greedy Search,100403,125000,True,1.00,70,60.37,205870.25,0.40
Greedy Search,100403,62500,False,0.86,200,84.29,102935.12,0.40
Greedy Search,100403,93750,False,0.94,200,123.86,154402.69,0.40
Greedy Search,100403,109375,False,0.96,200,142.23,180136.47,0.40
Greedy Search,100403,117188,False,0.96,200,152.17,193004.18,0.40
Greedy Search,100403,121094,True,1.00,71,58.98,199437.22,0.40
Greedy Search,100403,119141,False,0.96,200,154.03,196220.70,0.40
Greedy Search,100403,120118,False,0.97,200,155.58,197829.78,0.40
Greedy Search,100403,120606,False,0.96,200,155.08,198633.50,0.40
Greedy Search,100403,120850,False,0.96,200,156.25,199035.36,0.40
Greedy Search,100403,120972,False,0.96,200,155.82,199236.29,0.40
Greedy Search,100403,121033,False,0.96,200,155.11,199336.75,0.40
Greedy Search,100403,121064,False,0.97,200,156.61,199387.81,0.40
Greedy Search,100403,121079,False,0.97,200,156.99,199412.51,0.40
Greedy Search,100403,121087,False,0.97,200,156.63,199425.69,0.40
Greedy Search,100403,121091,False,0.97,200,152.68,199432.28,0.40
Greedy Search,100403,121093,False,0.97,200,152.30,199435.57,0.40
Greedy Search,100404,1000000,True,1.00,60,417.20,1648257.00,0.40
Greedy Search,100404,500000,True,1.00,70,233.85,824128.50,0.40
Greedy Search,100404,250000,True,1.00,41,73.57,412064.25,0.40
Greedy Search,100404,125000,True,1.00,70,58.87,206032.12,0.40
Greedy Search,100404,62500,False,0.84,200,83.06,103016.06,0.40
Greedy Search,100404,93750,False,0.94,200,119.80,154524.09,0.40
Greedy Search,100404,109375,False,0.96,200,138.23,180278.11,0.40
Greedy Search,100404,117188,True,1.00,70,54.55,193155.94,0.40
Greedy Search,100404,113282,False,0.96,200,142.58,186717.85,0.40
Greedy Search,100404,115235,True,1.00,71,54.34,189936.90,0.40
Greedy Search,100404,114259,False,0.96,200,143.14,188328.20,0.40
Greedy Search,100404,114747,False,0.96,200,144.71,189132.55,0.40
Greedy Search,100404,114991,False,0.97,200,143.39,189534.72,0.40
Greedy Search,100404,115113,False,0.96,200,144.13,189735.81,0.40
Greedy Search,100404,115174,False,0.97,200,144.59,189836.35,0.40
Greedy Search,100404,115205,True,1.00,71,54.30,189887.45,0.40
Greedy Search,100404,115190,True,1.00,70,53.59,189862.72,0.40
Greedy Search,100404,115182,True,1.00,70,53.56,189849.54,0.40
Greedy Search,100404,115178,False,0.96,200,144.15,189842.94,0.40
Greedy Search,100404,115180,True,1.00,70,53.55,189846.24,0.40
Greedy Search,100404,115179,True,1.00,70,53.49,189844.59,0.40
Greedy Search,100500,1000000,True,1.00,70,510.90,1434134.00,0.50
Greedy Search,100500,500000,True,1.00,70,249.80,717067.00,0.50
Greedy Search,100500,250000,True,1.00,71,125.98,358533.50,0.50
Greedy Search,100500,125000,False,0.91,200,177.86,179266.75,0.50
Greedy Search,100500,187500,True,1.00,70,95.49,268900.12,0.50
Greedy Search,100500,156250,False,0.96,200,216.96,224083.44,0.50
Greedy Search,100500,171875,True,1.00,71,87.37,246491.78,0.50
Greedy Search,100500,164063,True,1.00,70,82.75,235288.33,0.50
Greedy Search,100500,160157,False,0.95,200,217.55,229686.60,0.50
Greedy Search,100500,162110,False,0.96,200,220.24,232487.46,0.50
Greedy Search,100500,163087,False,0.96,200,221.20,233888.61,0.50
Greedy Search,100500,163575,False,0.96,200,223.63,234588.47,0.50
Greedy Search,100500,163819,False,0.96,200,222.17,234938.40,0.50
Greedy Search,100500,163941,False,0.96,200,223.98,235113.36,0.50
Greedy Search,100500,164002,False,0.96,200,222.73,235200.84,0.50
Greedy Search,100500,164033,False,0.96,200,224.39,235245.30,0.50
Greedy Search,100500,164048,False,0.95,200,227.03,235266.81,0.50
Greedy Search,100500,164056,False,0.95,200,227.87,235278.29,0.50
Greedy Search,100500,164060,False,0.95,200,231.38,235284.02,0.50
Greedy Search,100500,164062,False,0.96,200,229.00,235286.89,0.50
Greedy Search,100501,1000000,True,1.00,30,245.58,1435627.00,0.50
Greedy Search,100501,500000,True,1.00,71,257.15,717813.50,0.50
Greedy Search,100501,250000,True,1.00,71,128.11,358906.75,0.50
Greedy Search,100501,125000,False,0.94,200,174.07,179453.38,0.50
Greedy Search,100501,187500,True,1.00,60,82.57,269180.06,0.50
Greedy Search,100501,156250,False,0.96,200,220.20,224316.72,0.50
Greedy Search,100501,171875,False,0.97,200,240.48,246748.39,0.50
Greedy Search,100501,179688,True,1.00,60,80.42,257964.94,0.50
Greedy Search,100501,175782,True,1.00,61,79.75,252357.39,0.50
Greedy Search,100501,173829,True,1.00,71,90.00,249553.61,0.50
Greedy Search,100501,172852,True,1.00,67,84.93,248151.00,0.50
Greedy Search,100501,172364,True,1.00,70,87.14,247450.41,0.50
Greedy Search,100501,172120,False,0.97,200,231.42,247100.12,0.50
Greedy Search,100501,172242,False,0.97,200,231.78,247275.27,0.50
Greedy Search,100501,172303,False,0.96,200,230.74,247362.84,0.50
Greedy Search,100501,172334,True,1.00,60,75.02,247407.34,0.50
Greedy Search,100501,172319,False,0.97,200,230.98,247385.81,0.50
Greedy Search,100501,172327,True,1.00,61,76.69,247397.29,0.50
Greedy Search,100501,172323,False,0.97,200,231.57,247391.55,0.50
Greedy Search,100501,172325,False,0.97,200,231.44,247394.42,0.50
Greedy Search,100501,172326,False,0.97,200,233.92,247395.86,0.50
Greedy Search,100502,1000000,True,1.00,71,527.41,1431389.00,0.50
Greedy Search,100502,500000,True,1.00,70,256.97,715694.50,0.50
Greedy Search,100502,250000,True,1.00,71,130.67,357847.25,0.50
Greedy Search,100502,125000,False,0.92,200,178.31,178923.62,0.50
Greedy Search,100502,187500,True,1.00,70,97.31,268385.44,0.50
Greedy Search,100502,156250,False,0.96,200,221.63,223654.53,0.50
Greedy Search,100502,171875,True,1.00,71,90.91,246019.98,0.50
Greedy Search,100502,164063,False,0.96,200,226.09,234837.97,0.50
Greedy Search,100502,167969,True,1.00,70,86.63,240428.98,0.50
Greedy Search,100502,166016,True,1.00,71,86.76,237633.48,0.50
Greedy Search,100502,165040,False,0.96,200,226.61,236236.44,0.50
Greedy Search,100502,165528,True,1.00,78,93.67,236934.96,0.50
Greedy Search,100502,165284,False,0.96,200,225.86,236585.70,0.50
Greedy Search,100502,165406,True,1.00,71,85.36,236760.33,0.50
Greedy Search,100502,165345,True,1.00,71,85.41,236673.01,0.50
Greedy Search,100502,165315,False,0.96,200,226.32,236630.07,0.50
Greedy Search,100502,165330,False,0.96,200,225.82,236651.54,0.50
Greedy Search,100502,165338,True,1.00,71,85.86,236662.99,0.50
Greedy Search,100502,165334,True,1.00,71,86.34,236657.27,0.50
Greedy Search,100502,165332,False,0.96,200,227.32,236654.41,0.50
Greedy Search,100502,165333,True,1.00,71,86.51,236655.84,0.50
Greedy Search,100503,1000000,True,1.00,70,522.83,1431082.00,0.50
Greedy Search,100503,500000,True,1.00,60,225.07,715541.00,0.50
Greedy Search,100503,250000,True,1.00,71,130.72,357770.50,0.50
Greedy Search,100503,125000,False,0.92,200,176.16,178885.25,0.50
Greedy Search,100503,187500,False,0.96,200,255.48,268327.88,0.50
Greedy Search,100503,218750,True,1.00,63,100.75,313049.19,0.50
Greedy Search,100503,203125,False,0.97,200,277.34,290688.53,0.50
Greedy Search,100503,210938,False,0.97,200,285.95,301869.57,0.50
Greedy Search,100503,214844,False,0.97,200,293.83,307459.38,0.50
Greedy Search,100503,216797,False,0.96,200,294.41,310254.28,0.50
Greedy Search,100503,217774,True,1.00,73,115.31,311652.45,0.50
Greedy Search,100503,217286,False,0.96,200,296.38,310954.08,0.50
Greedy Search,100503,217530,False,0.97,200,295.70,311303.27,0.50
Greedy Search,100503,217652,True,1.00,66,104.54,311477.86,0.50
Greedy Search,100503,217591,False,0.97,200,295.89,311390.56,0.50
Greedy Search,100503,217622,False,0.97,200,295.74,311434.93,0.50
Greedy Search,100503,217637,False,0.97,200,293.46,311456.39,0.50
Greedy Search,100503,217645,True,1.00,66,103.42,311467.84,0.50
Greedy Search,100503,217641,False,0.97,200,291.56,311462.12,0.50
Greedy Search,100503,217643,False,0.97,200,291.40,311464.98,0.50
Greedy Search,100503,217644,False,0.96,200,290.96,311466.41,0.50
Greedy Search,100504,1000000,True,1.00,60,446.95,1433115.00,0.50
Greedy Search,100504,500000,True,1.00,70,251.02,716557.50,0.50
Greedy Search,100504,250000,True,1.00,71,127.11,358278.75,0.50
Greedy Search,100504,125000,False,0.92,200,176.37,179139.38,0.50
Greedy Search,100504,187500,True,1.00,70,94.94,268709.06,0.50
Greedy Search,100504,156250,False,0.95,200,213.50,223924.22,0.50
Greedy Search,100504,171875,False,0.96,200,232.54,246316.64,0.50
Greedy Search,100504,179688,False,0.97,200,240.30,257513.57,0.50
Greedy Search,100504,183594,True,1.00,70,91.64,263111.32,0.50
Greedy Search,100504,181641,True,1.00,70,90.77,260312.44,0.50
Greedy Search,100504,180665,False,0.97,200,241.90,258913.72,0.50
Greedy Search,100504,181153,True,1.00,70,90.51,259613.08,0.50
Greedy Search,100504,180909,True,1.00,71,91.48,259263.40,0.50
Greedy Search,100504,180787,True,1.00,70,90.32,259088.56,0.50
Greedy Search,100504,180726,True,1.00,60,78.76,259001.14,0.50
Greedy Search,100504,180696,True,1.00,70,90.33,258958.15,0.50
Greedy Search,100504,180681,False,0.96,200,241.47,258936.65,0.50
Greedy Search,100504,180689,False,0.96,200,241.37,258948.12,0.50
Greedy Search,100504,180693,True,1.00,70,90.26,258953.85,0.50
Greedy Search,100504,180691,True,1.00,70,90.26,258950.98,0.50
Greedy Search,100504,180690,False,0.96,200,241.33,258949.55,0.50
Greedy Search,100600,1000000,True,1.00,71,561.29,1240885.00,0.60
Greedy Search,100600,500000,True,1.00,50,204.79,620442.50,0.60
Greedy Search,100600,250000,False,0.96,200,384.46,310221.25,0.60
Greedy Search,100600,375000,True,1.00,71,219.81,465331.88,0.60
Greedy Search,100600,312500,True,1.00,66,172.26,387776.56,0.60
Greedy Search,100600,281250,False,0.96,200,428.88,348998.91,0.60
Greedy Search,100600,296875,False,0.96,200,440.25,368387.73,0.60
Greedy Search,100600,304688,True,1.00,60,144.38,378082.77,0.60
Greedy Search,100600,300782,True,1.00,70,164.26,373235.87,0.60
Greedy Search,100600,298829,True,1.00,61,144.75,370812.42,0.60
Greedy Search,100600,297852,False,0.96,200,437.99,369600.08,0.60
Greedy Search,100600,298341,False,0.96,200,445.64,370206.87,0.60
Greedy Search,100600,298585,True,1.00,71,169.04,370509.65,0.60
Greedy Search,100600,298463,True,1.00,71,169.48,370358.26,0.60
Greedy Search,100600,298402,True,1.00,60,145.91,370282.57,0.60
Greedy Search,100600,298372,False,0.96,200,456.90,370245.34,0.60
Greedy Search,100600,298387,True,1.00,61,148.17,370263.95,0.60
Greedy Search,100600,298380,True,1.00,70,167.58,370255.27,0.60
Greedy Search,100600,298376,False,0.96,200,450.18,370250.30,0.60
Greedy Search,100600,298378,True,1.00,71,168.42,370252.78,0.60
Greedy Search,100600,298377,False,0.96,200,448.32,370251.54,0.60
Greedy Search,100601,1000000,True,1.00,40,337.84,1239667.00,0.60
Greedy Search,100601,500000,True,1.00,60,238.59,619833.50,0.60
Greedy Search,100601,250000,False,0.96,200,380.40,309916.75,0.60
Greedy Search,100601,375000,True,1.00,60,184.22,464875.12,0.60
Greedy Search,100601,312500,False,0.97,200,486.43,387395.94,0.60
Greedy Search,100601,343750,False,0.96,200,513.01,426135.53,0.60
Greedy Search,100601,359375,False,0.96,200,525.18,445505.33,0.60
Greedy Search,100601,367188,True,1.00,71,203.49,455190.85,0.60
Greedy Search,100601,363282,True,1.00,70,198.87,450348.71,0.60
Greedy Search,100601,361329,True,1.00,70,197.47,447927.64,0.60
Greedy Search,100601,360352,True,1.00,71,200.62,446716.48,0.60
Greedy Search,100601,359864,True,1.00,72,206.07,446111.53,0.60
Greedy Search,100601,359620,False,0.96,200,539.31,445809.05,0.60
Greedy Search,100601,359742,False,0.96,200,549.93,445960.29,0.60
Greedy Search,100601,359803,True,1.00,72,207.81,446035.91,0.60
Greedy Search,100601,359773,True,1.00,71,205.49,445998.72,0.60
Greedy Search,100601,359758,False,0.96,200,536.52,445980.12,0.60
Greedy Search,100601,359766,False,0.96,200,535.01,445990.04,0.60
Greedy Search,100601,359770,True,1.00,71,202.91,445995.00,0.60
Greedy Search,100601,359768,True,1.00,71,203.69,445992.52,0.60
Greedy Search,100601,359767,True,1.00,71,201.01,445991.28,0.60
Greedy Search,100602,1000000,True,1.00,70,547.71,1238581.00,0.60
Greedy Search,100602,500000,True,1.00,71,274.50,619290.50,0.60
Greedy Search,100602,250000,False,0.95,200,379.10,309645.25,0.60
Greedy Search,100602,375000,True,1.00,71,211.31,464467.88,0.60
Greedy Search,100602,312500,False,0.96,200,466.89,387056.56,0.60
Greedy Search,100602,343750,False,0.97,200,502.98,425762.22,0.60
Greedy Search,100602,359375,False,0.97,200,521.89,445115.05,0.60
Greedy Search,100602,367188,False,0.96,200,533.80,454792.08,0.60
Greedy Search,100602,371094,False,0.97,200,541.77,459629.98,0.60
Greedy Search,100602,373047,True,1.00,71,206.31,462048.93,0.60
Greedy Search,100602,372071,False,0.96,200,545.64,460840.07,0.60
Greedy Search,100602,372559,False,0.97,200,540.60,461444.50,0.60
Greedy Search,100602,372803,False,0.96,200,541.08,461746.71,0.60
Greedy Search,100602,372925,False,0.97,200,542.15,461897.82,0.60
Greedy Search,100602,372986,False,0.97,200,538.72,461973.37,0.60
Greedy Search,100602,373017,False,0.97,200,536.32,462011.77,0.60
Greedy Search,100602,373032,False,0.96,200,534.68,462030.35,0.60
Greedy Search,100602,373040,False,0.97,200,535.37,462040.26,0.60
Greedy Search,100602,373044,True,1.00,71,202.05,462045.21,0.60
Greedy Search,100602,373042,False,0.97,200,534.88,462042.73,0.60
Greedy Search,100602,373043,True,1.00,71,201.91,462043.97,0.60
Greedy Search,100603,1000000,True,1.00,70,565.35,1239419.00,0.60
Greedy Search,100603,500000,True,1.00,70,280.51,619709.50,0.60
Greedy Search,100603,250000,False,0.96,200,388.33,309854.75,0.60
Greedy Search,100603,375000,True,1.00,71,211.93,464782.12,0.60
Greedy Search,100603,312500,True,1.00,71,177.67,387318.44,0.60
Greedy Search,100603,281250,True,1.00,70,157.10,348586.59,0.60
Greedy Search,100603,265625,False,0.96,200,403.18,329220.67,0.60
Greedy Search,100603,273438,False,0.96,200,414.72,338904.25,0.60
Greedy Search,100603,277344,True,1.00,70,153.58,343745.42,0.60
Greedy Search,100603,275391,True,1.00,71,154.96,341324.84,0.60
Greedy Search,100603,274415,False,0.96,200,416.06,340115.16,0.60
Greedy Search,100603,274903,True,1.00,70,149.81,340720.00,0.60
Greedy Search,100603,274659,False,0.96,200,402.76,340417.58,0.60
Greedy Search,100603,274781,False,0.96,200,402.12,340568.79,0.60
Greedy Search,100603,274842,False,0.96,200,400.34,340644.40,0.60
Greedy Search,100603,274873,True,1.00,93,193.00,340682.82,0.60
Greedy Search,100603,274858,True,1.00,87,181.97,340664.23,0.60
Greedy Search,100603,274850,True,1.00,71,150.90,340654.31,0.60
Greedy Search,100603,274846,True,1.00,70,148.85,340649.35,0.60
Greedy Search,100603,274844,False,0.96,200,399.32,340646.88,0.60
Greedy Search,100603,274845,False,0.96,200,398.72,340648.12,0.60
Greedy Search,100604,1000000,True,1.00,71,574.74,1238498.00,0.60
Greedy Search,100604,500000,True,1.00,70,271.36,619249.00,0.60
Greedy Search,100604,250000,False,0.96,200,371.85,309624.50,0.60
Greedy Search,100604,375000,True,1.00,60,176.85,464436.75,0.60
Greedy Search,100604,312500,True,1.00,71,171.31,387030.62,0.60
Greedy Search,100604,281250,True,1.00,71,154.02,348327.56,0.60
Greedy Search,100604,265625,False,0.96,200,389.31,328976.03,0.60
Greedy Search,100604,273438,False,0.97,200,398.62,338652.42,0.60
Greedy Search,100604,277344,True,1.00,71,151.82,343489.99,0.60
Greedy Search,100604,275391,False,0.96,200,397.70,341071.20,0.60
Greedy Search,100604,276368,False,0.96,200,398.74,342281.22,0.60
Greedy Search,100604,276856,False,0.96,200,402.62,342885.60,0.60
Greedy Search,100604,277100,False,0.96,200,399.52,343187.80,0.60
Greedy Search,100604,277222,True,1.00,70,149.61,343338.89,0.60
Greedy Search,100604,277161,True,1.00,71,151.34,343263.34,0.60
Greedy Search,100604,277131,False,0.96,200,402.34,343226.19,0.60
Greedy Search,100604,277146,False,0.96,200,399.82,343244.77,0.60
Greedy Search,100604,277154,False,0.96,200,399.60,343254.67,0.60
Greedy Search,100604,277158,True,1.00,71,151.31,343259.63,0.60
Greedy Search,100604,277156,False,0.96,200,399.57,343257.15,0.60
Greedy Search,100604,277157,True,1.00,71,151.36,343258.39,0.60
Greedy Search,100700,1000000,True,1.00,71,611.20,1060146.00,0.70
Greedy Search,100700,500000,False,0.95,200,840.90,530073.00,0.70
Greedy Search,100700,750000,False,0.97,200,1241.98,795109.50,0.70
Greedy Search,100700,875000,True,1.00,70,526.02,927627.75,0.70
Greedy Search,100700,812500,False,0.97,200,1348.31,861368.62,0.70
Greedy Search,100700,843750,True,1.00,71,538.75,894498.19,0.70
Greedy Search,100700,828125,True,1.00,60,450.27,877933.41,0.70
Greedy Search,100700,820313,True,1.00,70,504.02,869651.55,0.70
Greedy Search,100700,816407,True,1.00,70,498.98,865510.62,0.70
Greedy Search,100700,814454,True,1.00,71,503.14,863440.15,0.70
Greedy Search,100700,813477,False,0.97,200,1300.06,862404.39,0.70
Greedy Search,100700,813966,False,0.97,200,1287.04,862922.80,0.70
Greedy Search,100700,814210,True,1.00,71,483.88,863181.47,0.70
Greedy Search,100700,814088,True,1.00,70,476.71,863052.14,0.70
Greedy Search,100700,814027,True,1.00,70,477.42,862987.47,0.70
Greedy Search,100700,813997,False,0.97,200,1282.49,862955.66,0.70
Greedy Search,100700,814012,True,1.00,70,477.32,862971.57,0.70
Greedy Search,100700,814005,False,0.97,200,1282.62,862964.14,0.70
Greedy Search,100700,814009,True,1.00,70,476.84,862968.39,0.70
Greedy Search,100700,814007,True,1.00,70,476.92,862966.27,0.70
Greedy Search,100700,814006,True,1.00,70,476.90,862965.20,0.70
Greedy Search,100701,1000000,True,1.00,70,598.42,1056579.00,0.70
Greedy Search,100701,500000,False,0.97,200,820.51,528289.50,0.70
Greedy Search,100701,750000,True,1.00,71,476.88,792434.25,0.70
Greedy Search,100701,625000,True,1.00,70,377.06,660361.88,0.70
Greedy Search,100701,562500,True,1.00,71,338.24,594325.69,0.70
Greedy Search,100701,531250,False,0.97,200,851.27,561307.59,0.70
Greedy Search,100701,546875,True,1.00,70,330.08,577816.64,0.70
Greedy Search,100701,539063,True,1.00,70,327.46,569562.65,0.70
Greedy Search,100701,535157,True,1.00,72,335.69,565435.65,0.70
Greedy Search,100701,533204,False,0.97,200,886.80,563372.15,0.70
Greedy Search,100701,534181,False,0.97,200,874.66,564404.43,0.70
Greedy Search,100701,534669,True,1.00,71,328.79,564920.04,0.70
Greedy Search,100701,534425,True,1.00,71,330.79,564662.23,0.70
Greedy Search,100701,534303,True,1.00,71,323.49,564533.33,0.70
Greedy Search,100701,534242,True,1.00,70,317.43,564468.88,0.70
Greedy Search,100701,534212,False,0.97,200,851.51,564437.18,0.70
Greedy Search,100701,534227,True,1.00,70,313.66,564453.03,0.70
Greedy Search,100701,534220,True,1.00,71,317.24,564445.63,0.70
Greedy Search,100701,534216,True,1.00,71,316.88,564441.41,0.70
Greedy Search,100701,534214,True,1.00,71,316.34,564439.29,0.70
Greedy Search,100701,534213,True,1.00,71,316.06,564438.24,0.70
Greedy Search,100702,1000000,True,1.00,70,603.34,1058713.00,0.70
Greedy Search,100702,500000,False,0.95,200,829.82,529356.50,0.70
Greedy Search,100702,750000,True,1.00,70,463.32,794034.75,0.70
Greedy Search,100702,625000,False,0.97,200,1010.35,661695.62,0.70
Greedy Search,100702,687500,False,0.97,200,1115.63,727865.19,0.70
Greedy Search,100702,718750,True,1.00,60,374.05,760949.97,0.70
Greedy Search,100702,703125,True,1.00,71,426.81,744407.58,0.70
Greedy Search,100702,695313,True,1.00,64,381.87,736136.91,0.70
Greedy Search,100702,691407,False,0.97,200,1103.21,732001.58,0.70
Greedy Search,100702,693360,True,1.00,71,413.30,734069.25,0.70
Greedy Search,100702,692384,False,0.97,200,1100.74,733035.94,0.70
Greedy Search,100702,692872,False,0.97,200,1098.88,733552.59,0.70
Greedy Search,100702,693116,False,0.97,200,1095.24,733810.92,0.70
Greedy Search,100702,693238,False,0.97,200,1092.52,733940.08,0.70
Greedy Search,100702,693299,True,1.00,77,441.52,734004.66,0.70
Greedy Search,100702,693269,False,0.97,200,1092.84,733972.90,0.70
Greedy Search,100702,693284,False,0.97,200,1093.15,733988.78,0.70
Greedy Search,100702,693292,True,1.00,77,441.73,733997.25,0.70
Greedy Search,100702,693288,True,1.00,77,441.58,733993.02,0.70
Greedy Search,100702,693286,False,0.97,200,1097.01,733990.90,0.70
Greedy Search,100702,693287,False,0.97,200,1123.71,733991.96,0.70
Greedy Search,100703,1000000,True,1.00,60,535.64,1057771.00,0.70
Greedy Search,100703,500000,False,0.96,200,838.93,528885.50,0.70
Greedy Search,100703,750000,True,1.00,71,458.64,793328.25,0.70
Greedy Search,100703,625000,True,1.00,70,375.28,661106.88,0.70
Greedy Search,100703,562500,False,0.96,200,946.37,594996.19,0.70
Greedy Search,100703,593750,False,0.95,200,989.81,628051.53,0.70
Greedy Search,100703,609375,False,0.96,200,991.89,644579.20,0.70
Greedy Search,100703,617188,False,0.96,200,987.61,652843.57,0.70
Greedy Search,100703,621094,False,0.96,200,998.28,656975.22,0.70
Greedy Search,100703,623047,False,0.97,200,1002.93,659041.05,0.70
Greedy Search,100703,624024,False,0.96,200,984.08,660074.49,0.70
Greedy Search,100703,624512,False,0.96,200,994.93,660590.68,0.70
Greedy Search,100703,624756,False,0.96,200,992.90,660848.78,0.70
Greedy Search,100703,624878,True,1.00,70,366.22,660977.83,0.70
Greedy Search,100703,624817,True,1.00,70,364.26,660913.30,0.70
Greedy Search,100703,624787,False,0.96,200,981.80,660881.57,0.70
Greedy Search,100703,624802,False,0.96,200,982.06,660897.44,0.70
Greedy Search,100703,624810,False,0.96,200,992.32,660905.90,0.70
Greedy Search,100703,624814,False,0.96,200,1024.38,660910.13,0.70
Greedy Search,100703,624816,True,1.00,70,365.07,660912.25,0.70
Greedy Search,100703,624815,False,0.96,200,1004.11,660911.19,0.70
Greedy Search,100704,1000000,True,1.00,70,603.96,1053566.00,0.70
Greedy Search,100704,500000,False,0.96,200,818.26,526783.00,0.70
Greedy Search,100704,750000,False,0.96,200,1198.70,790174.50,0.70
Greedy Search,100704,875000,True,1.00,70,519.50,921870.25,0.70
Greedy Search,100704,812500,True,1.00,71,486.88,856022.38,0.70
Greedy Search,100704,781250,True,1.00,70,461.12,823098.44,0.70
Greedy Search,100704,765625,True,1.00,70,451.76,806636.47,0.70
Greedy Search,100704,757813,True,1.00,71,453.56,798406.01,0.70
Greedy Search,100704,753907,True,1.00,71,450.64,794290.78,0.70
Greedy Search,100704,751954,True,1.00,70,444.36,792233.17,0.70
Greedy Search,100704,750977,False,0.96,200,1187.06,791203.83,0.70
Greedy Search,100704,751466,True,1.00,60,385.04,791719.03,0.70
Greedy Search,100704,751222,True,1.00,71,448.32,791461.96,0.70
Greedy Search,100704,751100,True,1.00,60,385.19,791333.42,0.70
Greedy Search,100704,751039,True,1.00,70,443.28,791269.16,0.70
Greedy Search,100704,751008,True,1.00,70,441.75,791236.49,0.70
Greedy Search,100704,750993,False,0.97,200,1186.55,791220.69,0.70
Greedy Search,100704,751001,True,1.00,60,382.77,791229.12,0.70
Greedy Search,100704,750997,True,1.00,60,382.39,791224.91,0.70
Greedy Search,100704,750995,False,0.97,200,1196.80,791222.80,0.70
Greedy Search,100704,750996,False,0.97,200,1210.24,791223.85,0.70
Greedy Search,100800,1000000,False,0.90,200,1895.27,887612.00,0.80
Greedy Search,100801,1000000,False,0.91,200,1896.47,888649.00,0.80
Greedy Search,100802,1000000,False,0.90,200,1903.91,888187.00,0.80
Greedy Search,100803,1000000,False,0.92,200,1883.25,887835.00,0.80
Greedy Search,100804,1000000,False,0.89,200,1900.10,886720.00,0.80
Greedy Search,100900,1000000,False,0.87,200,2073.54,738821.00,0.90
Greedy Search,100901,1000000,False,0.86,200,2063.13,736281.00,0.90
Greedy Search,100902,1000000,False,0.85,200,2089.24,739787.00,0.90
Greedy Search,100903,1000000,False,0.84,200,2137.71,738594.00,0.90
Greedy Search,100904,1000000,False,0.84,200,2080.84,738994.00,0.90
Greedy Search,101000,1000000,False,0.82,200,2221.58,611434.00,1.00
Greedy Search,101001,1000000,False,0.79,200,2238.99,612744.00,1.00
Greedy Search,101002,1000000,False,0.78,200,2274.48,613104.00,1.00
Greedy Search,101003,1000000,False,0.78,200,2253.97,613017.00,1.00
Greedy Search,101004,1000000,False,0.77,200,2235.45,611662.00,1.00
Greedy Search,101100,1000000,False,0.73,200,2418.32,503438.00,1.10
Greedy Search,101101,1000000,False,0.74,200,2367.46,505874.00,1.10
Greedy Search,101102,1000000,False,0.72,200,2410.86,505953.00,1.10
Greedy Search,101103,1000000,False,0.72,200,2433.21,506150.00,1.10
Greedy Search,101104,1000000,False,0.72,200,2423.20,503380.00,1.10
Greedy Search,101200,1000000,False,0.65,200,2490.96,415888.00,1.20
Greedy Search,101201,1000000,False,0.67,200,2484.25,415927.00,1.20
Greedy Search,101202,1000000,False,0.65,200,2490.08,416194.00,1.20
Greedy Search,101203,1000000,False,0.64,200,2536.38,415753.00,1.20
Greedy Search,101204,1000000,False,0.67,200,2510.11,416407.00,1.20
Greedy Search,101300,1000000,False,0.59,200,2593.85,344477.00,1.30
Greedy Search,101301,1000000,False,0.60,200,2619.17,344317.00,1.30
Greedy Search,101302,1000000,False,0.59,200,2640.84,343233.00,1.30
Greedy Search,101303,1000000,False,0.61,200,2587.43,344457.00,1.30
Greedy Search,101304,1000000,False,0.59,200,2610.92,343939.00,1.30
Greedy Search,101400,1000000,False,0.55,200,2704.08,287204.00,1.40
Greedy Search,101401,1000000,False,0.56,200,2670.23,285625.00,1.40
Greedy Search,101402,1000000,False,0.54,200,2691.83,285588.00,1.40
Greedy Search,101403,1000000,False,0.55,200,2730.24,286686.00,1.40
Greedy Search,101404,1000000,False,0.56,200,2691.03,286721.00,1.40
Greedy Search,101500,1000000,False,0.52,200,2781.22,240005.00,1.50
Greedy Search,101501,1000000,False,0.49,200,2756.04,239056.00,1.50
Greedy Search,101502,1000000,False,0.50,200,2796.03,239496.00,1.50
Greedy Search,101503,1000000,False,0.50,200,2804.83,239976.00,1.50
Greedy Search,101504,1000000,False,0.50,200,2770.58,240030.00,1.50
Greedy Search,101600,1000000,False,0.47,200,2824.24,201578.00,1.60
Greedy Search,101601,1000000,False,0.47,200,2858.13,201575.00,1.60
Greedy Search,101602,1000000,False,0.46,200,2872.68,201202.00,1.60
Greedy Search,101603,1000000,False,0.49,200,2808.11,201450.00,1.60
Greedy Search,101604,1000000,False,0.49,200,2814.43,201648.00,1.60
Greedy Search,101700,1000000,False,0.46,200,2946.43,170732.00,1.70
Greedy Search,101701,1000000,False,0.46,200,2883.82,171042.00,1.70
Greedy Search,101702,1000000,False,0.47,200,2880.72,170930.00,1.70
Greedy Search,101703,1000000,False,0.45,200,2939.93,170541.00,1.70
Greedy Search,101704,1000000,False,0.46,200,2880.38,171237.00,1.70
Greedy Search,101800,1000000,False,0.45,200,2964.36,146866.00,1.80
Greedy Search,101801,1000000,False,0.43,200,2938.42,146401.00,1.80
Greedy Search,101802,1000000,False,0.42,200,2981.61,146688.00,1.80
Greedy Search,101803,1000000,False,0.44,200,2963.10,146378.00,1.80
Greedy Search,101804,1000000,False,0.47,200,2947.74,146105.00,1.80
Greedy Search,101900,1000000,False,0.44,200,2972.02,125899.00,1.90
Greedy Search,101901,1000000,False,0.44,200,3007.99,126103.00,1.90
Greedy Search,101902,1000000,False,0.45,200,3008.92,126313.00,1.90
Greedy Search,101903,1000000,False,0.43,200,3011.49,126298.00,1.90
Greedy Search,101904,1000000,False,0.43,200,2995.39,126212.00,1.90
Greedy Search,102000,1000000,False,0.41,200,2994.65,109425.00,2.00
Greedy Search,102001,1000000,False,0.41,200,3051.64,109592.00,2.00
Greedy Search,102002,1000000,False,0.41,200,3028.21,109421.00,2.00
Greedy Search,102003,1000000,False,0.38,200,3055.44,109626.00,2.00
Greedy Search,102004,1000000,False,0.42,200,2987.54,109366.00,2.00
